name,price,ratings,url
Beastmaker Beefy Pinch,£24.98,,https://bananafingers.com/climbing-holds
Metolius Greatest Chips Screw On Holds 40 Pack,£40.85,,https://bananafingers.com/climbing-holds
Metolius Hold Mega Pack,£83.18,,https://bananafingers.com/climbing-holds
Metolius Wood Grips Climbing Holds - 5 Pack,£40.20,,https://bananafingers.com/climbing-holds
Beastmaker Beastmaker Sledge (Pair),£38.52,,https://bananafingers.com/climbing-holds
Metolius Super 7 Hold Set,£35.73,,https://bananafingers.com/climbing-holds
Ocun Holds Set 5 - Jugs,£69.02,,https://bananafingers.com/climbing-holds
Beastmaker Bubble Rail (Single),£24.98,,https://bananafingers.com/climbing-holds
Metolius Wood Grips Climbing Holds - 25 Pack,£166.91,,https://bananafingers.com/climbing-holds
Ocun Holds Set 1 - Pinches,£58.64,,https://bananafingers.com/climbing-holds
Metolius Screw On Footholds 20 Pack,£24.12,,https://bananafingers.com/climbing-holds
Metolius Screw On Handholds 10 Pack,£26.79,,https://bananafingers.com/climbing-holds
name,price,ratings,url
Trek 'n Eat Gourmet Forest Stew with Meat,£6.30,,https://www.elitemountainsupplies.co.uk/camping-trekking-c4/eating-c20/food-c81
Trek 'n Eat Salmon Pesto with Pasta,£6.30,,https://www.elitemountainsupplies.co.uk/camping-trekking-c4/eating-c20/food-c81
Trek 'n Eat Wild Mushroom Ragout with Noodles,£5.10,,https://www.elitemountainsupplies.co.uk/camping-trekking-c4/eating-c20/food-c81
Trek 'n Eat Noodles in Soya Bolognese,£6.48,,https://www.elitemountainsupplies.co.uk/camping-trekking-c4/eating-c20/food-c81
Trek 'n Eat Spicy Beef Casserole with Noodles,£5.85,,https://www.elitemountainsupplies.co.uk/camping-trekking-c4/eating-c20/food-c81
name,price,ratings,url
La Sportiva Men's Climbing on the Moon T-Shirt,£31.50,,https://www.needlesports.com/Catalogue/Clothing-Footwear/Crag-Clothing/T-Shirts
La Sportiva Women's Climbing on the Moon T-Shirt,£31.50,,https://www.needlesports.com/Catalogue/Clothing-Footwear/Crag-Clothing/T-Shirts
E9 Men's One Move 2.3 T-Shirt,£36.00,,https://www.needlesports.com/Catalogue/Clothing-Footwear/Crag-Clothing/T-Shirts
E9 Men's One Move 2.3 T-Shirt (2023 colours),£35.00,,https://www.needlesports.com/Catalogue/Clothing-Footwear/Crag-Clothing/T-Shirts
E9 Men's Move One 2.3 T-Shirt,£40.00,,https://www.needlesports.com/Catalogue/Clothing-Footwear/Crag-Clothing/T-Shirts
E9 Men's Beach T-Shirt,£38.00,,https://www.needlesports.com/Catalogue/Clothing-Footwear/Crag-Clothing/T-Shirts
E9 Women's Awa 2.4 T-Shirt,£42.00,,https://www.needlesports.com/Catalogue/Clothing-Footwear/Crag-Clothing/T-Shirts
Black Diamond Men's Chalked Up Tee 2.0,£35.00,,https://www.needlesports.com/Catalogue/Clothing-Footwear/Crag-Clothing/T-Shirts
Black Diamond Men's Equipment for Alpinists Tee,£35.00,,https://www.needlesports.com/Catalogue/Clothing-Footwear/Crag-Clothing/T-Shirts
Black Diamond Women's Vantastic T-Shirt (special offer),£19.99,,https://www.needlesports.com/Catalogue/Clothing-Footwear/Crag-Clothing/T-Shirts
Black Diamond Men's Idea Tee,£36.00,,https://www.needlesports.com/Catalogue/Clothing-Footwear/Crag-Clothing/T-Shirts
Mountain Equipment Men's Roundel Tee,£30.00,,https://www.needlesports.com/Catalogue/Clothing-Footwear/Crag-Clothing/T-Shirts
Mountain Equipment Men's Headpoint Script Tee,£45.00,,https://www.needlesports.com/Catalogue/Clothing-Footwear/Crag-Clothing/T-Shirts
Mountain Equipment Women's Tempi Tee,£30.00,,https://www.needlesports.com/Catalogue/Clothing-Footwear/Crag-Clothing/T-Shirts
Mountain Equipment Men's Nava Crew,£40.00,,https://www.needlesports.com/Catalogue/Clothing-Footwear/Crag-Clothing/T-Shirts
Mountain Equipment Women's Nava Short Sleeve Zip-T,£45.00,,https://www.needlesports.com/Catalogue/Clothing-Footwear/Crag-Clothing/T-Shirts
Mountain Equipment Men's Redline Long Sleeve Tee,£45.00,,https://www.needlesports.com/Catalogue/Clothing-Footwear/Crag-Clothing/T-Shirts
Montane Women's Dart Nano Zip T-Shirt,£54.00,,https://www.needlesports.com/Catalogue/Clothing-Footwear/Crag-Clothing/T-Shirts
Montane Women's Dart T-Shirt,£35.00,,https://www.needlesports.com/Catalogue/Clothing-Footwear/Crag-Clothing/T-Shirts
Montane Women's Dart Lite Long Sleeve T-Shirt,£45.00,,https://www.needlesports.com/Catalogue/Clothing-Footwear/Crag-Clothing/T-Shirts
Rab Men's Stance Alpine Peak Tee,£27.00,,https://www.needlesports.com/Catalogue/Clothing-Footwear/Crag-Clothing/T-Shirts
Rab Men's Mantle Mountain Tee,£35.00,,https://www.needlesports.com/Catalogue/Clothing-Footwear/Crag-Clothing/T-Shirts
Rab Men's Mantle Outline Tee,£40.00,,https://www.needlesports.com/Catalogue/Clothing-Footwear/Crag-Clothing/T-Shirts
Rab Men's Mantle Tee,£35.00,,https://www.needlesports.com/Catalogue/Clothing-Footwear/Crag-Clothing/T-Shirts
name,price,ratings,url
Beastmaker Beefy Pinch,£24.98,,https://bananafingers.com/climbing-holds
Metolius Greatest Chips Screw On Holds 40 Pack,£40.85,,https://bananafingers.com/climbing-holds
Metolius Hold Mega Pack,£83.18,,https://bananafingers.com/climbing-holds
Metolius Wood Grips Climbing Holds - 5 Pack,£40.20,,https://bananafingers.com/climbing-holds
Beastmaker Beastmaker Sledge (Pair),£38.52,,https://bananafingers.com/climbing-holds
Metolius Super 7 Hold Set,£35.73,,https://bananafingers.com/climbing-holds
Ocun Holds Set 1 - Pinches,£58.64,,https://bananafingers.com/climbing-holds
Ocun Holds Set 5 - Jugs,£69.02,,https://bananafingers.com/climbing-holds
Beastmaker Bubble Rail (Single),£24.98,,https://bananafingers.com/climbing-holds
Ocun Holds Set 4 - Edges,£69.02,,https://bananafingers.com/climbing-holds
Metolius Wood Grips Climbing Holds - 25 Pack,£166.91,,https://bananafingers.com/climbing-holds
Metolius Screw On Footholds 20 Pack,£24.12,,https://bananafingers.com/climbing-holds
name,price,ratings,url
Trek 'n Eat Gourmet Forest Stew with Meat,£6.30,,https://www.elitemountainsupplies.co.uk/camping-trekking-c4/eating-c20/food-c81
Trek 'n Eat Salmon Pesto with Pasta,£6.30,,https://www.elitemountainsupplies.co.uk/camping-trekking-c4/eating-c20/food-c81
Trek 'n Eat Wild Mushroom Ragout with Noodles,£5.10,,https://www.elitemountainsupplies.co.uk/camping-trekking-c4/eating-c20/food-c81
Trek 'n Eat Noodles in Soya Bolognese,£6.48,,https://www.elitemountainsupplies.co.uk/camping-trekking-c4/eating-c20/food-c81
Trek 'n Eat Spicy Beef Casserole with Noodles,£5.85,,https://www.elitemountainsupplies.co.uk/camping-trekking-c4/eating-c20/food-c81
name,price,ratings,url
La Sportiva Men's Climbing on the Moon T-Shirt,£31.50,,https://www.needlesports.com/Catalogue/Clothing-Footwear/Crag-Clothing/T-Shirts
La Sportiva Women's Climbing on the Moon T-Shirt,£31.50,,https://www.needlesports.com/Catalogue/Clothing-Footwear/Crag-Clothing/T-Shirts
E9 Men's One Move 2.3 T-Shirt,£36.00,,https://www.needlesports.com/Catalogue/Clothing-Footwear/Crag-Clothing/T-Shirts
E9 Men's One Move 2.3 T-Shirt (2023 colours),£35.00,,https://www.needlesports.com/Catalogue/Clothing-Footwear/Crag-Clothing/T-Shirts
E9 Men's Move One 2.3 T-Shirt,£40.00,,https://www.needlesports.com/Catalogue/Clothing-Footwear/Crag-Clothing/T-Shirts
E9 Men's Beach T-Shirt,£38.00,,https://www.needlesports.com/Catalogue/Clothing-Footwear/Crag-Clothing/T-Shirts
E9 Women's Awa 2.4 T-Shirt,£42.00,,https://www.needlesports.com/Catalogue/Clothing-Footwear/Crag-Clothing/T-Shirts
Black Diamond Men's Chalked Up Tee 2.0,£35.00,,https://www.needlesports.com/Catalogue/Clothing-Footwear/Crag-Clothing/T-Shirts
Black Diamond Men's Equipment for Alpinists Tee,£35.00,,https://www.needlesports.com/Catalogue/Clothing-Footwear/Crag-Clothing/T-Shirts
Black Diamond Women's Vantastic T-Shirt (special offer),£19.99,,https://www.needlesports.com/Catalogue/Clothing-Footwear/Crag-Clothing/T-Shirts
Black Diamond Men's Idea Tee,£36.00,,https://www.needlesports.com/Catalogue/Clothing-Footwear/Crag-Clothing/T-Shirts
Mountain Equipment Men's Roundel Tee,£30.00,,https://www.needlesports.com/Catalogue/Clothing-Footwear/Crag-Clothing/T-Shirts
Mountain Equipment Men's Headpoint Script Tee,£45.00,,https://www.needlesports.com/Catalogue/Clothing-Footwear/Crag-Clothing/T-Shirts
Mountain Equipment Women's Tempi Tee,£30.00,,https://www.needlesports.com/Catalogue/Clothing-Footwear/Crag-Clothing/T-Shirts
Mountain Equipment Men's Nava Crew,£40.00,,https://www.needlesports.com/Catalogue/Clothing-Footwear/Crag-Clothing/T-Shirts
Mountain Equipment Women's Nava Short Sleeve Zip-T,£45.00,,https://www.needlesports.com/Catalogue/Clothing-Footwear/Crag-Clothing/T-Shirts
Mountain Equipment Men's Redline Long Sleeve Tee,£45.00,,https://www.needlesports.com/Catalogue/Clothing-Footwear/Crag-Clothing/T-Shirts
Montane Women's Dart Nano Zip T-Shirt,£54.00,,https://www.needlesports.com/Catalogue/Clothing-Footwear/Crag-Clothing/T-Shirts
Montane Women's Dart T-Shirt,£35.00,,https://www.needlesports.com/Catalogue/Clothing-Footwear/Crag-Clothing/T-Shirts
Montane Women's Dart Lite Long Sleeve T-Shirt,£45.00,,https://www.needlesports.com/Catalogue/Clothing-Footwear/Crag-Clothing/T-Shirts
Rab Men's Stance Alpine Peak Tee,£27.00,,https://www.needlesports.com/Catalogue/Clothing-Footwear/Crag-Clothing/T-Shirts
Rab Men's Mantle Mountain Tee,£35.00,,https://www.needlesports.com/Catalogue/Clothing-Footwear/Crag-Clothing/T-Shirts
Rab Men's Mantle Outline Tee,£40.00,,https://www.needlesports.com/Catalogue/Clothing-Footwear/Crag-Clothing/T-Shirts
Rab Men's Mantle Tee,£35.00,,https://www.needlesports.com/Catalogue/Clothing-Footwear/Crag-Clothing/T-Shirts
